{"frames":{"Alien Mob0.png":{"frame":{"x":0,"y":0,"w":210,"h":240},"rotated":false,"trimmed":false,"spriteSourceSize":{"x":0,"y":0,"w":210,"h":240},"sourceSize":{"w":210,"h":240}},"Alien Mob1.png":{"frame":{"x":210,"y":0,"w":210,"h":240},"rotated":false,"trimmed":false,"spriteSourceSize":{"x":0,"y":0,"w":210,"h":240},"sourceSize":{"w":210,"h":240}},"Alien Mob2.png":{"frame":{"x":420,"y":0,"w":210,"h":240},"rotated":false,"trimmed":false,"spriteSourceSize":{"x":0,"y":0,"w":210,"h":240},"sourceSize":{"w":210,"h":240}},"Alien Mob3.png":{"frame":{"x":0,"y":240,"w":210,"h":240},"rotated":false,"trimmed":false,"spriteSourceSize":{"x":0,"y":0,"w":210,"h":240},"sourceSize":{"w":210,"h":240}},"Alien Mob4.png":{"frame":{"x":210,"y":240,"w":210,"h":240},"rotated":false,"trimmed":false,"spriteSourceSize":{"x":0,"y":0,"w":210,"h":240},"sourceSize":{"w":210,"h":240}},"Alien Mob5.png":{"frame":{"x":420,"y":240,"w":210,"h":240},"rotated":false,"trimmed":false,"spriteSourceSize":{"x":0,"y":0,"w":210,"h":240},"sourceSize":{"w":210,"h":240}}},"meta":{"app":"https://github.com/piskelapp/piskel/","version":"1.0","image":"Alien Mob.png","format":"RGBA8888","size":{"w":630,"h":480}}}