{"frames":{"Nyan Cat Space Mini Boss0.png":{"frame":{"x":0,"y":0,"w":300,"h":168},"rotated":false,"trimmed":false,"spriteSourceSize":{"x":0,"y":0,"w":300,"h":168},"sourceSize":{"w":300,"h":168}},"Nyan Cat Space Mini Boss1.png":{"frame":{"x":300,"y":0,"w":300,"h":168},"rotated":false,"trimmed":false,"spriteSourceSize":{"x":0,"y":0,"w":300,"h":168},"sourceSize":{"w":300,"h":168}},"Nyan Cat Space Mini Boss2.png":{"frame":{"x":0,"y":168,"w":300,"h":168},"rotated":false,"trimmed":false,"spriteSourceSize":{"x":0,"y":0,"w":300,"h":168},"sourceSize":{"w":300,"h":168}},"Nyan Cat Space Mini Boss3.png":{"frame":{"x":300,"y":168,"w":300,"h":168},"rotated":false,"trimmed":false,"spriteSourceSize":{"x":0,"y":0,"w":300,"h":168},"sourceSize":{"w":300,"h":168}},"Nyan Cat Space Mini Boss4.png":{"frame":{"x":0,"y":336,"w":300,"h":168},"rotated":false,"trimmed":false,"spriteSourceSize":{"x":0,"y":0,"w":300,"h":168},"sourceSize":{"w":300,"h":168}}},"meta":{"app":"https://github.com/piskelapp/piskel/","version":"1.0","image":"Nyan Cat Space Mini Boss.png","format":"RGBA8888","size":{"w":600,"h":504}}}