{"frames":{"Triceroptops Dino MiniBoss0.png":{"frame":{"x":0,"y":0,"w":154,"h":57},"rotated":false,"trimmed":false,"spriteSourceSize":{"x":0,"y":0,"w":154,"h":57},"sourceSize":{"w":154,"h":57}},"Triceroptops Dino MiniBoss1.png":{"frame":{"x":0,"y":57,"w":154,"h":57},"rotated":false,"trimmed":false,"spriteSourceSize":{"x":0,"y":0,"w":154,"h":57},"sourceSize":{"w":154,"h":57}}},"meta":{"app":"https://github.com/piskelapp/piskel/","version":"1.0","image":"Triceroptops Dino MiniBoss.png","format":"RGBA8888","size":{"w":154,"h":114}}}