{"frames":{"Space background0.png":{"frame":{"x":0,"y":0,"w":787,"h":457},"rotated":false,"trimmed":false,"spriteSourceSize":{"x":0,"y":0,"w":787,"h":457},"sourceSize":{"w":787,"h":457}},"Space background1.png":{"frame":{"x":787,"y":0,"w":787,"h":457},"rotated":false,"trimmed":false,"spriteSourceSize":{"x":0,"y":0,"w":787,"h":457},"sourceSize":{"w":787,"h":457}},"Space background2.png":{"frame":{"x":0,"y":457,"w":787,"h":457},"rotated":false,"trimmed":false,"spriteSourceSize":{"x":0,"y":0,"w":787,"h":457},"sourceSize":{"w":787,"h":457}},"Space background3.png":{"frame":{"x":787,"y":457,"w":787,"h":457},"rotated":false,"trimmed":false,"spriteSourceSize":{"x":0,"y":0,"w":787,"h":457},"sourceSize":{"w":787,"h":457}},"Space background4.png":{"frame":{"x":0,"y":914,"w":787,"h":457},"rotated":false,"trimmed":false,"spriteSourceSize":{"x":0,"y":0,"w":787,"h":457},"sourceSize":{"w":787,"h":457}},"Space background5.png":{"frame":{"x":787,"y":914,"w":787,"h":457},"rotated":false,"trimmed":false,"spriteSourceSize":{"x":0,"y":0,"w":787,"h":457},"sourceSize":{"w":787,"h":457}},"Space background6.png":{"frame":{"x":0,"y":1371,"w":787,"h":457},"rotated":false,"trimmed":false,"spriteSourceSize":{"x":0,"y":0,"w":787,"h":457},"sourceSize":{"w":787,"h":457}},"Space background7.png":{"frame":{"x":787,"y":1371,"w":787,"h":457},"rotated":false,"trimmed":false,"spriteSourceSize":{"x":0,"y":0,"w":787,"h":457},"sourceSize":{"w":787,"h":457}}},"meta":{"app":"https://github.com/piskelapp/piskel/","version":"1.0","image":"Space background.png","format":"RGBA8888","size":{"w":1574,"h":1828}}}