{"frames":{"Tutorial Background0.png":{"frame":{"x":0,"y":0,"w":500,"h":288},"rotated":false,"trimmed":false,"spriteSourceSize":{"x":0,"y":0,"w":500,"h":288},"sourceSize":{"w":500,"h":288}},"Tutorial Background1.png":{"frame":{"x":500,"y":0,"w":500,"h":288},"rotated":false,"trimmed":false,"spriteSourceSize":{"x":0,"y":0,"w":500,"h":288},"sourceSize":{"w":500,"h":288}},"Tutorial Background2.png":{"frame":{"x":1000,"y":0,"w":500,"h":288},"rotated":false,"trimmed":false,"spriteSourceSize":{"x":0,"y":0,"w":500,"h":288},"sourceSize":{"w":500,"h":288}},"Tutorial Background3.png":{"frame":{"x":1500,"y":0,"w":500,"h":288},"rotated":false,"trimmed":false,"spriteSourceSize":{"x":0,"y":0,"w":500,"h":288},"sourceSize":{"w":500,"h":288}},"Tutorial Background4.png":{"frame":{"x":0,"y":288,"w":500,"h":288},"rotated":false,"trimmed":false,"spriteSourceSize":{"x":0,"y":0,"w":500,"h":288},"sourceSize":{"w":500,"h":288}},"Tutorial Background5.png":{"frame":{"x":500,"y":288,"w":500,"h":288},"rotated":false,"trimmed":false,"spriteSourceSize":{"x":0,"y":0,"w":500,"h":288},"sourceSize":{"w":500,"h":288}},"Tutorial Background6.png":{"frame":{"x":1000,"y":288,"w":500,"h":288},"rotated":false,"trimmed":false,"spriteSourceSize":{"x":0,"y":0,"w":500,"h":288},"sourceSize":{"w":500,"h":288}},"Tutorial Background7.png":{"frame":{"x":1500,"y":288,"w":500,"h":288},"rotated":false,"trimmed":false,"spriteSourceSize":{"x":0,"y":0,"w":500,"h":288},"sourceSize":{"w":500,"h":288}},"Tutorial Background8.png":{"frame":{"x":0,"y":576,"w":500,"h":288},"rotated":false,"trimmed":false,"spriteSourceSize":{"x":0,"y":0,"w":500,"h":288},"sourceSize":{"w":500,"h":288}},"Tutorial Background9.png":{"frame":{"x":500,"y":576,"w":500,"h":288},"rotated":false,"trimmed":false,"spriteSourceSize":{"x":0,"y":0,"w":500,"h":288},"sourceSize":{"w":500,"h":288}},"Tutorial Background10.png":{"frame":{"x":1000,"y":576,"w":500,"h":288},"rotated":false,"trimmed":false,"spriteSourceSize":{"x":0,"y":0,"w":500,"h":288},"sourceSize":{"w":500,"h":288}},"Tutorial Background11.png":{"frame":{"x":1500,"y":576,"w":500,"h":288},"rotated":false,"trimmed":false,"spriteSourceSize":{"x":0,"y":0,"w":500,"h":288},"sourceSize":{"w":500,"h":288}},"Tutorial Background12.png":{"frame":{"x":0,"y":864,"w":500,"h":288},"rotated":false,"trimmed":false,"spriteSourceSize":{"x":0,"y":0,"w":500,"h":288},"sourceSize":{"w":500,"h":288}},"Tutorial Background13.png":{"frame":{"x":500,"y":864,"w":500,"h":288},"rotated":false,"trimmed":false,"spriteSourceSize":{"x":0,"y":0,"w":500,"h":288},"sourceSize":{"w":500,"h":288}},"Tutorial Background14.png":{"frame":{"x":1000,"y":864,"w":500,"h":288},"rotated":false,"trimmed":false,"spriteSourceSize":{"x":0,"y":0,"w":500,"h":288},"sourceSize":{"w":500,"h":288}},"Tutorial Background15.png":{"frame":{"x":1500,"y":864,"w":500,"h":288},"rotated":false,"trimmed":false,"spriteSourceSize":{"x":0,"y":0,"w":500,"h":288},"sourceSize":{"w":500,"h":288}},"Tutorial Background16.png":{"frame":{"x":0,"y":1152,"w":500,"h":288},"rotated":false,"trimmed":false,"spriteSourceSize":{"x":0,"y":0,"w":500,"h":288},"sourceSize":{"w":500,"h":288}},"Tutorial Background17.png":{"frame":{"x":500,"y":1152,"w":500,"h":288},"rotated":false,"trimmed":false,"spriteSourceSize":{"x":0,"y":0,"w":500,"h":288},"sourceSize":{"w":500,"h":288}},"Tutorial Background18.png":{"frame":{"x":1000,"y":1152,"w":500,"h":288},"rotated":false,"trimmed":false,"spriteSourceSize":{"x":0,"y":0,"w":500,"h":288},"sourceSize":{"w":500,"h":288}},"Tutorial Background19.png":{"frame":{"x":1500,"y":1152,"w":500,"h":288},"rotated":false,"trimmed":false,"spriteSourceSize":{"x":0,"y":0,"w":500,"h":288},"sourceSize":{"w":500,"h":288}},"Tutorial Background20.png":{"frame":{"x":0,"y":1440,"w":500,"h":288},"rotated":false,"trimmed":false,"spriteSourceSize":{"x":0,"y":0,"w":500,"h":288},"sourceSize":{"w":500,"h":288}},"Tutorial Background21.png":{"frame":{"x":500,"y":1440,"w":500,"h":288},"rotated":false,"trimmed":false,"spriteSourceSize":{"x":0,"y":0,"w":500,"h":288},"sourceSize":{"w":500,"h":288}},"Tutorial Background22.png":{"frame":{"x":1000,"y":1440,"w":500,"h":288},"rotated":false,"trimmed":false,"spriteSourceSize":{"x":0,"y":0,"w":500,"h":288},"sourceSize":{"w":500,"h":288}},"Tutorial Background23.png":{"frame":{"x":1500,"y":1440,"w":500,"h":288},"rotated":false,"trimmed":false,"spriteSourceSize":{"x":0,"y":0,"w":500,"h":288},"sourceSize":{"w":500,"h":288}},"Tutorial Background24.png":{"frame":{"x":0,"y":1728,"w":500,"h":288},"rotated":false,"trimmed":false,"spriteSourceSize":{"x":0,"y":0,"w":500,"h":288},"sourceSize":{"w":500,"h":288}},"Tutorial Background25.png":{"frame":{"x":500,"y":1728,"w":500,"h":288},"rotated":false,"trimmed":false,"spriteSourceSize":{"x":0,"y":0,"w":500,"h":288},"sourceSize":{"w":500,"h":288}}},"meta":{"app":"https://github.com/piskelapp/piskel/","version":"1.0","image":"Tutorial Background.png","format":"RGBA8888","size":{"w":2000,"h":2016}}}